R0,R1,R2,R3,R4,R5,R6,R7,R8,R9,R10,R11,R12,R13,R14,R15,R16,R17,R18,R19,R20,R21,R22,R23,R24,R25,R26,R27,R28,R29,R30,R31,R32,R33,R34,R35,R36,R37,R38,R39,R40,R41,R42,R43,R44,R45,R46,R47,R48,R49,
13391,13406,8963,10472,12655,11812,17587,8240,11627,13532,12245,11174,13695,10815,13992,14371,12196,13452,14017,9737,10110,10281,9349,16393,11043,9094,11997,8867,8936,9464,9006,9049,11541,12293,10996,11121,9254,9335,9179,8926,9147,8967,9010,9271,9234,9830,9293,9071,9287,9746,
12192,12106,12392,12627,11945,11923,12216,14054,13641,16757,15461,11951,16554,17427,14744,18657,30537,28115,15521,15817,12133,16689,19151,16708,11855,15674,16507,11598,18616,18219,12167,12090,11929,11905,11823,11611,11656,12143,11856,11851,12124,12428,11285,11697,11573,11953,11421,11717,11343,11656,
16596,16251,16063,16357,21578,20210,16385,27425,16335,16183,16151,15991,17535,16055,16452,16756,17120,22819,23015,19142,17863,16800,16254,16334,16221,16475,16493,16254,16235,16322,16637,16332,16409,16059,16002,16102,15934,15994,16266,16939,16267,16182,21354,16295,16594,16321,15942,19989,25282,16951,
23537,27256,33778,35300,29013,22153,25654,22847,23408,38152,23183,22258,22491,22293,22408,23190,22857,24022,39099,24848,23118,22907,22212,22656,22415,24114,26319,25551,22490,22375,23512,29183,35598,23192,22406,22684,22434,23057,22724,22876,22382,22751,23985,33733,35278,33722,28609,39090,35387,22607,
31752,31664,42271,31023,30916,44789,31250,35716,31838,31342,31307,31474,30925,30444,31565,31288,31108,31068,36154,36374,34229,34863,31720,33957,71154,42896,31490,31667,31203,31212,31436,31462,31809,31026,31459,30973,31100,30943,31613,31657,31953,31915,31024,31920,31067,31356,31040,31037,31392,33958,
43762,43969,43285,43748,43270,43062,42202,71050,45948,53133,43328,42589,42434,42689,42439,43048,43060,42974,44303,47856,57488,57662,48377,59573,43573,60439,60266,43234,53713,42398,60702,42262,45273,42498,77299,44202,42855,43452,42683,43870,41989,42427,45399,105253,42313,42955,57026,42757,43259,43166,
56808,56271,56854,57166,57381,56704,56621,97024,58103,56393,69377,85158,90227,90145,89892,89497,58622,74358,63474,76075,57538,76450,55981,56619,59795,81137,82160,75675,57235,64616,59057,61419,56575,78363,79910,74110,79994,81682,60858,83836,147507,90214,55541,56180,69025,79384,90951,84976,75359,100490,
83937,76408,81754,75171,75630,73980,74537,74290,76967,106940,74133,124670,117736,80590,75695,80611,106450,84413,74828,96012,74644,86559,91852,111253,111487,116866,117754,117303,110794,120503,104315,102236,75547,91929,91944,110721,77172,74235,74554,74162,84314,98803,74587,74110,84642,104621,117822,76603,74145,75038,
98957,99040,98837,136016,97073,97397,109966,111967,113544,98357,98121,104588,97481,98000,98836,97930,98796,101457,155197,107092,96821,96890,98942,96875,99791,97410,102409,114580,97309,99238,99529,100077,98009,96569,153167,98500,101357,97570,98839,100358,97701,98898,99090,98930,99251,99959,97041,99218,110991,124342,
127679,126779,137937,179780,127997,126971,189295,127795,127293,128999,128001,132924,126961,126655,127899,128290,127547,127713,166912,128947,179244,200235,200952,203003,203848,202746,197462,199261,198465,201666,197843,201071,199956,201070,200246,199452,200572,197621,205255,200509,197741,189578,127727,127696,126450,125535,145993,148024,131809,129481,
172758,216540,159743,159649,159511,196668,309847,187665,216791,158762,160446,159312,161752,157841,159046,159106,215866,197468,178775,158802,159006,162315,160587,161166,221317,162615,160009,161527,159799,159032,160620,156766,159060,157185,189721,158561,159206,159144,158177,158335,159471,160588,159390,217950,161645,163353,158610,160234,158622,157404,
197923,200043,199217,201740,280201,299179,236005,299862,319090,314818,317994,319074,286183,316343,279446,218214,196687,209008,197878,200247,201831,199413,197799,199446,198293,199987,201292,200791,202302,200841,199557,226206,199987,255960,262074,200689,200330,200488,259382,283989,196752,196365,196608,268713,200960,200606,198100,200074,200543,199429,
242665,246301,244116,243081,243501,244561,409769,242476,349184,244263,243046,288280,315500,333761,378449,414400,268609,241687,289303,293156,377573,369188,329371,328664,379308,248705,246931,240168,245366,242484,244499,243433,244749,239684,242361,242832,245060,251182,242713,245410,275042,245144,243898,251452,243113,245959,249599,245269,244389,244784,
297198,299705,300720,300368,299474,299059,409683,302334,296211,395862,449637,468045,431812,413520,341914,322981,337487,302893,300542,302369,301845,297753,298940,295545,297747,298109,300694,301143,296531,294986,299672,300129,299203,297311,299455,301289,297356,299778,339497,295118,292697,300585,294933,345489,297980,296220,294408,300416,335111,386613,
570917,536023,521002,472349,402934,358489,384173,508326,507952,524713,477831,508803,522345,479912,358442,415666,444977,405710,363731,355654,359944,415999,360893,413016,395009,360930,410731,358272,425058,359847,357444,363452,355954,363393,357782,405390,361474,359521,360729,355683,357937,360254,351497,465251,510674,531369,547237,466276,373456,361320,
429569,429604,427233,433143,434704,565434,427399,432085,427702,430457,446432,473064,429019,426762,527583,551570,434742,432312,430749,431632,427388,469627,422507,426683,499112,579582,428958,462450,479279,565316,528683,603078,634923,465524,425687,489432,419616,428654,425345,426950,431249,426905,424636,429702,478725,530308,593126,537959,466307,426976,
507794,509141,506684,504415,499071,517615,544492,588940,669243,506388,641709,683081,750431,590128,557111,664950,646722,686230,684923,571168,598947,617311,695009,714206,644746,567879,510814,547785,593596,626155,714410,686137,567157,501943,501953,510117,509667,504942,506892,503426,509828,502735,552052,508913,503605,504996,510360,506533,520543,507025,
588641,594424,586095,639611,703373,596941,765950,833698,666095,624813,718877,744002,628667,708739,740183,638990,691641,757401,840355,764041,810973,796745,638759,665292,734278,790185,614189,631692,728611,805161,648760,593527,587179,726076,672025,582066,596812,606285,594649,592451,659862,593706,631358,585632,666578,595268,634870,589991,651985,594562,
731504,688332,753902,691099,747941,690890,690765,692514,682534,687072,691611,778684,719678,802393,682400,679953,684436,851001,863231,876246,784885,689538,810182,879369,756689,803148,931251,725355,796686,910420,775617,680706,774159,872628,749452,791870,918125,744686,688855,681472,811543,872613,689140,686751,689451,814989,914288,716300,878609,916972,
1027701,972955,1039968,797572,794806,833622,790080,829346,952857,930942,926439,1011506,788303,781325,925801,969511,877921,791811,855471,920829,1051760,1020621,893202,959167,991450,800862,976902,876925,831078,793338,787467,792161,787811,796996,918988,1014665,794881,790670,788283,797914,909308,988278,977974,973425,999208,826769,941828,1006458,999538,905862,
1033811,947519,1145731,1067311,1311983,952883,1027431,1059170,948187,1280501,1241922,926070,903783,889934,915016,978969,1167300,1171721,946909,1073780,1008581,1070988,1016115,1006781,1029231,1088578,1042600,964897,931077,948154,911138,913109,915210,906915,915151,914165,973201,913532,912673,915215,911641,934401,903064,970682,917961,906390,912246,905936,908667,908581,
1093025,1046880,1038081,1042437,1061974,1041597,1096387,1199928,1027004,1205705,1197605,1147442,1037862,1140112,1372492,1308699,1188127,1095152,1337186,1195852,1159715,1050512,1035189,1236145,1182010,1096407,1335142,1291394,1188846,1093434,1413145,1028876,1037514,1099256,1050438,1104317,1037833,1035759,1086528,1032971,1041884,1045521,1038448,1080099,1036156,1046690,1044352,1034567,1092495,1036342,
1190509,1184441,1169640,1238793,1595628,1172972,1170044,1464712,1286024,1219927,1412149,1163681,1361525,1262695,1415249,1237105,1268019,1356523,1355748,1286357,1170158,1184144,1341980,1298837,1231217,1245162,1173380,1235749,1503659,1459548,1435246,1284971,1431444,1261914,1325641,1488458,1179734,1215374,1447264,1305537,1177810,1174719,1168426,1180049,1230329,1174534,1161386,1355410,1308117,1327557,
1325717,1371974,1348286,1473283,1604025,1391221,1335193,1341758,1801276,1885421,1350714,1478732,1345955,1324549,1322532,1384373,1331796,1330194,1388902,1337057,1462640,1479598,1455873,1326790,1367498,1416498,1444696,1328909,1372638,1420441,1386818,1329734,1331091,1393185,1411398,1331727,1402895,1340167,1318550,1524609,1560323,1440974,1324995,1380435,1334773,1331797,1324863,1389168,1335207,1336223,
1551757,1481283,1494642,1718400,1528200,1627009,1550444,1497226,1671001,1500014,1508568,1494413,1568151,1504093,1497943,1548810,1547256,1585757,1835525,1508606,1544357,1548079,1491162,1501507,1550240,1511449,1503287,1538757,1549179,1489594,1500585,1546019,1508660,1507297,1559005,1532609,1511052,1511451,1544644,1509503,1497179,1512864,1561322,1515866,1511371,1625363,1632378,1486856,1500021,1548738,
1718363,1790850,1865993,1826761,1814533,1682080,1825769,2092442,2062384,1845756,1671726,1677817,1849855,1783962,1752030,1849188,1997156,1672511,1859683,1774851,1774600,1884797,1813665,1792127,1905887,1734836,1802397,1729083,2076556,1738052,1918094,1778255,1662799,1732907,1717311,1722154,1696849,1691199,1740125,1726844,1690821,1677937,1724620,1724740,1683631,1689561,1678574,1743899,1747180,1644681,
1862335,1913212,1905596,2526003,1926436,1904902,2068441,1977503,2279671,1944481,1869583,1960119,1998867,1981848,1998878,1991383,2051258,1920831,2013430,1854815,1877135,1853140,1897090,1919696,1876527,1873726,1881823,1931121,1919718,1898519,1879258,1873704,1863750,1927852,1906295,1869494,1853722,1861648,1926066,1905790,1927710,1875006,1880838,1878798,1940090,1917564,1921554,1862030,1882234,1850275,
2103732,2121262,2153334,2437452,2128206,2106883,2081779,2207471,2201283,2120271,2129771,2087023,2093991,2059597,2090703,2186756,2383578,2299086,2330543,2265251,2146684,2154147,2309922,2347288,2374354,2322880,2304009,2495966,2313520,2287773,2107059,2358371,2354737,2242300,2537471,2375173,2335634,2483567,2140423,2128669,2124857,2127942,2182129,2184881,2146796,2350494,2254346,2076803,2110854,2247760,
2304218,2323886,2514237,2352345,2305053,2315179,2783317,2507619,2444102,2367830,2548554,2586489,2423689,2388111,2352727,2372677,2331989,2361225,2376647,2344992,2341681,2373170,2306506,2292634,2301274,2276434,2341433,2457439,2290166,2309495,2385929,2528642,2490163,2343693,2386463,2365636,2396818,2368136,2346979,2343455,2346093,2337430,2306245,2299683,2303722,2378067,2399932,2309357,2300284,2315383,
2581351,2562212,2937133,2686682,2627657,2855436,3391632,2531626,2557394,2659288,2683743,2563684,2567115,2581716,2577579,2635469,2601704,2537816,2581880,2646069,2611414,2595272,2572359,2580960,2568467,2562275,2568724,2900146,2662709,2628130,2637343,2611428,2613476,2622644,2582359,2619397,2619803,2625535,2602775,2672133,2704080,2662947,2628627,2617688,2613177,2609421,2621203,2686351,2657107,2596340,
2869736,2888933,3637297,3018055,3128811,3353135,3124871,2909551,2839281,2855078,2924860,2952705,2852985,2836719,2822485,2803624,2796024,2779235,2812092,2808788,2866519,2865307,2835963,2850039,2852832,2847477,2836911,2845783,2834961,2921157,3034557,2818643,2817042,2974862,2898578,2855586,2860520,3062007,2902306,2874333,2826633,2892480,3198724,2946334,3187244,2985693,2897558,2922537,3259929,3050713,
3303174,3178314,3774855,3504685,3270349,3882480,3219021,3184947,3246810,3194690,3171079,3208341,3199091,3153340,3104452,3155063,3228804,3137102,3167553,3243297,3163431,3075141,3139977,3167424,3144177,3136562,3208461,3158101,3088003,3210783,3135773,3163690,3566192,3193562,3136452,3144061,3145268,3184614,3160419,3318987,3200966,3059233,3136569,3136079,3168506,3210610,3358250,3310001,3491884,3366091,
3680097,3574265,3696854,3507303,3484397,4325895,3403464,3570489,3479983,3463306,3445746,3414704,3379957,3386679,3394484,3469385,3502722,3410499,3481353,3451871,3461591,3447621,3419161,3458823,3462931,3421876,3512678,3379138,3505108,3441468,3454175,3393382,3423699,3464692,3407824,3407101,3493024,3441078,3403712,3458370,3460612,3361982,3456032,3400943,3414750,3366705,3383016,3484647,3520894,3441040,
3782005,3817140,4508917,3821589,4131968,4440922,3994940,3735850,3732722,3680673,4072091,3747866,3720690,3773998,3715259,3734409,3737413,3727507,3819054,4007727,3858249,3928975,3890134,3937102,3851773,3974388,3716317,3835675,3888753,3708296,4130573,3693839,4081365,3917292,3935396,3884275,4177977,3793526,4034590,4097676,3825846,3975751,3887180,3989797,3826800,4053953,3747432,4060433,3780258,3969088,
4193435,4595916,4177169,4066415,4997986,4083677,4066060,4154225,4060931,4052322,4060844,4050201,4057006,4061568,4047687,4071127,4081944,4072402,4052116,4023608,4076040,4062311,4065397,4058478,4073281,4024489,4180397,4362241,4086242,4088426,4153250,4063109,4150935,4082819,4065946,4049214,4047060,4048697,4034528,4069556,4103318,4053108,4083689,4060344,4076459,4091416,4085980,4053005,4051553,4025393,
4417483,4615325,4500922,4419397,5480511,4576061,4514075,4458500,4690100,4555564,4631324,4736217,4691358,4428941,4428740,4551090,4531815,4572054,4535681,4594414,4622136,6247717,4468630,4629186,4571662,4643465,4595309,4505155,4586830,4499281,4500807,4503225,4482324,4411601,4396735,4393951,4399564,4393621,4371220,4565486,4370828,4379617,4375273,4387154,4431482,4399245,4398564,4521344,4484699,4503766,
4989004,5849062,4745454,4979380,5513956,5021046,4814779,4794798,4863367,4870249,4827707,4872637,4847926,4834701,4869309,4866491,4901042,4838980,4866746,4806413,4817553,4933476,4855155,4861452,4855835,4893478,4815043,4798408,4801424,4798171,4771524,4838924,4985458,4700610,4843706,4782071,4836219,4749114,4971843,4744579,4995285,4797525,4950457,4972214,5064785,4750879,5090041,4759463,5037762,4931292,
5451202,5999490,5429508,5748316,5274653,5282425,5266117,5929046,5397026,5202820,5539572,5393699,5231285,5271767,5460473,5373119,5189489,5362751,5507013,5488120,5471509,5310336,5221147,5132640,5288218,5254601,5218197,5377278,5349254,5381059,5420298,5330661,5404353,5426961,5170145,5330710,5313435,5192139,5221003,5295722,5336349,5312069,5267289,5268939,5303580,5363729,5210861,5319599,5230169,5249277,
5703566,6410122,5595450,7318521,5766161,5695193,5942162,5707330,5580425,5605525,5562072,5610168,5546763,5601468,5611246,5644898,5569143,5577047,5604001,5581269,5570561,5536950,5571046,5539636,5530145,5661237,5641818,5660018,5643037,5620015,5611660,5755403,5633040,5662682,5663285,5743641,5867515,5618069,5671258,5620286,5729724,6432872,5666941,5906125,5665061,5654216,5729784,5782561,5579218,5614633,
6144800,7261502,6247026,7898533,6286161,6076583,5997912,6045665,6106367,6349103,6181142,6161912,6216394,6102486,6235970,6096484,6095206,6089652,6084516,6056173,6206526,6165238,6108143,6147560,6125476,6133544,6266061,6105513,6098412,6023909,6135807,6131530,6054908,6098342,6059893,6031790,6043892,6054783,6036166,6066813,6049470,6127224,6221936,6327570,6069941,6369130,6075951,6080224,6027674,5978969,
6379351,7367604,6427403,7450632,6516753,6438205,6549662,6573269,6452061,6506242,6562138,6533787,6496885,6563120,6582877,6570009,6656588,6623082,6594065,7176561,6842344,6596463,6574226,6505250,6667960,6494116,6637021,6550439,6531036,6556013,6468160,6467870,6448389,6420287,6437021,6412595,6454520,6455254,6490759,6583833,6488928,6429488,6425765,6455177,6436466,6424338,6360159,6578869,6535401,6550953,
7044763,8168801,7750218,7592424,6937048,7215972,7312875,7218283,7411918,7107297,7982738,7019038,8113998,7508881,7135181,7165218,7132735,7296389,7448748,7188645,7119807,7436824,7158217,7196200,7209233,7164913,6864295,7317928,6892020,7008663,6989434,6983449,6935657,6945448,7226235,7206298,7173797,7212204,7177014,7806505,7252680,7113203,7172545,7069652,6968343,7164501,6897932,7312160,7171094,7316428,
7803342,8105380,8711531,7572056,7472781,7560215,7572501,7571828,7746695,7578922,7535629,7692740,7599068,7458443,7664047,7515434,7414201,7486867,7514595,7367191,7456661,7460598,7792579,7611406,7509718,7452788,7408514,7431740,7490155,7506170,7665340,7464819,7308566,7471289,7634160,7616601,7955718,7802126,7466344,8007566,7541556,7573226,7793686,7909753,7479284,7493443,7678033,7621046,7622187,7530389,
8085169,8655621,8587424,8199049,8010180,9036101,8120502,8023857,8258835,8223641,8363132,7995071,7973622,7943369,8206070,8033865,8157028,8217506,7918635,8061559,8172676,7966682,8122779,7916245,8141799,8186254,8376595,8168902,8116683,7984852,8451309,8272853,8555873,8341662,8283553,8424447,8250242,8185624,8241707,8207818,8323158,8658513,8238794,7961292,8151049,8014977,8125734,8418217,8055007,8043575,
8849752,9375070,10002672,8744767,8511499,8674845,8544380,8502980,8418569,8974966,8820614,8656976,9023170,9718732,8941584,8816509,8660513,8719885,8773024,8677291,8624239,8537263,8561347,8519421,8864504,8635117,8611469,8870348,8699046,8476925,8804585,8731854,8721137,8646569,8665655,8851534,8641863,8798637,8532178,8810407,8718619,8624671,8748132,8883702,8747002,8664931,8695812,8659147,8633293,8624881,
9283572,9864537,10730026,9269353,9061644,9414645,9269399,9506053,9407566,9217264,9156000,9162688,9118011,9587706,9326382,9230550,9521820,9358169,9102284,9575020,10203394,9341745,9230847,9586295,9293861,9308025,9063667,9424161,9267216,9352199,9083167,9485736,9187137,9571300,9146632,9427261,9349854,9606523,9177468,9460185,9364951,9221904,9337874,9127051,9479789,9468574,9204680,9520516,9343298,9088945,
10566881,10213109,11380322,10091944,9782108,10141736,9983824,9939540,9742976,10162259,11083027,10375986,9747857,9759975,10177000,9901408,9788936,10098324,9933162,9742297,9758197,9696482,9785396,10385869,9850764,9728238,9610127,9795573,9683450,10029676,9747574,10043136,9932555,10253074,9922293,9817924,9795626,10226021,10091357,9929341,9834962,9669717,10089652,9727028,10067173,9737226,9703807,9990187,9681243,9744601,
11379288,10459052,11094072,10264301,10392141,10449555,10360291,10336595,10427243,10695998,10491868,10260209,10531814,10636349,10632933,10524740,10482293,10634005,10504970,10425835,10562196,10453465,10800989,10365230,10935940,10836492,10533481,10631804,10884366,10501815,10430105,10961969,10692583,10867375,10341936,10366218,10601929,10880470,10661012,10764699,10564946,10671162,10444113,10383232,10346357,10367495,10786608,10864225,10624218,10541903,
11785973,11736623,12163068,11340663,11462452,11515215,11417042,11596069,10878296,11335024,11375258,11038949,11303501,11282878,11230863,11198830,11269219,11170185,11062557,11274376,11383978,12164250,11112763,11438749,11360051,11278479,11152823,11101707,11177449,11196353,11181666,11161303,11249766,11352534,11165650,11204362,10950848,11129836,10911557,11161129,11547302,11572091,11387466,11354184,11707327,11113406,11227016,11474261,11135003,11654623,
12447006,12517672,11888393,11725277,11548961,11612709,11682812,12128970,11761313,12337317,12082244,11948372,11896890,11905902,11692335,12192799,12015864,11735149,11669714,11673163,11696642,11667852,11641681,11808784,11676690,12291422,11923285,11584372,12217724,11941320,11855901,11780819,11845857,12224537,11652073,12287663,12008734,11829498,11657067,11742795,11931243,11688671,12193429,11740870,11606226,12705995,12290303,11832436,12259599,11963517,
13543824,13867878,13031070,12298018,13057851,12201143,12980592,12699164,12607667,12658825,12923362,12804512,12337365,12889968,12260129,12893539,12778963,12671282,12435076,12948478,12335873,12840825,12706600,12966193,12451486,12866276,12587279,12399557,12950297,12672104,12376821,12843148,12642853,12585230,12350034,12966245,12468079,13962344,12370219,12944726,12468482,12953545,12655713,12671011,12659537,12405911,12394476,12870400,12916901,12422346,
13866438,14977519,13743829,13629147,13152687,13756352,13149563,13557194,13441305,13386528,13673428,13568483,13502019,13405809,13687223,13140144,13653680,13146990,13157290,13672485,13111115,13662864,13059441,13620557,13065626,13675186,13219964,14383230,13525485,13573935,13586633,13090542,13661983,13519211,13466174,13177240,13677390,13351093,13364974,13092525,13710860,13526029,13151983,13523453,13323528,13683752,13471306,13645981,13688320,13437129,
14615390,15880496,14207896,14445154,13959976,14345347,14240579,13851002,13824464,13902594,13878530,14060366,13882737,13967491,14408992,14359047,14955579,13926294,14437082,14251111,14281871,14203954,14545857,14024850,13844214,14307012,14154203,14403394,14350649,14433405,14121882,14365065,13779333,14448077,14201761,14202192,14122979,14044520,14077794,13815104,14401885,14031253,13872710,14327947,14182586,13951138,13840883,14088165,13780150,13857387,
15456921,15621309,14666258,15121145,15939486,14556481,15109336,14640123,15125321,14613277,15149519,15039463,14504931,15117659,15019249,14968120,14862819,14975144,15017270,14749530,15312733,15095419,14970226,14552987,14675995,15116910,15022952,14787244,15006863,14860168,14710760,15161734,15013834,15015944,14913370,14913799,14694892,15185814,14982344,14945019,15503511,15119023,15025853,14604563,15183273,15011626,14770650,15125859,14991266,14680580,
17001532,16516584,16298083,15402629,15595307,15475822,15403800,15522347,16041833,15515892,16084742,15491374,15499195,15930560,15916960,16005085,16065805,15851599,15474354,15412312,16210841,16012743,15780607,15846569,15461657,17021032,15939830,15355101,15509752,15518339,15657465,15545041,15389722,15466815,15478971,15413969,15521681,15536790,15486611,15420522,15891861,15906255,15488386,15542884,15511449,16090249,15745532,15850256,15860158,16056974,
17805377,18489996,17115271,16921395,16910721,16896710,16873508,16433913,16455871,17596895,17106183,16302748,16498413,16371963,16378246,16923760,16956595,16713625,17202764,16829552,16804706,16749120,16409426,16962112,16330737,17062020,16333130,16422398,16909901,16305244,16914123,16305183,17173193,16981309,16793236,16857728,16336561,16340193,16432260,16883625,16745922,17727606,16386544,16398306,16357438,16884856,17095691,16922008,17005775,16505025,
18494750,19994886,17867094,17778840,17862154,17699209,17296431,17231525,17994068,18013553,17850235,17253687,17355246,17145884,17464886,17370033,17169901,17385882,17334721,18092054,17262728,17804509,17697299,18751765,17858871,17719642,17863252,17186509,17177153,17169348,17722847,17906714,17656948,17698011,17545408,17649176,17756571,17993890,17183482,17662487,17243282,17920704,17875909,17561660,17541449,17712889,17407289,17727189,17390221,17913302,
18863900,19398141,18260462,18251110,19878269,17945787,18387331,18028867,18277782,18661213,18130061,18254124,18571509,18413927,18440636,18275794,18489637,18736765,18222570,18614923,18426243,18253311,18214393,18106193,18381011,18291090,18793227,18097543,18677575,18875455,18558307,18580290,18563443,19645029,18976771,18561359,18864297,18599368,18338777,18858431,18608768,17950057,18381399,18800653,18226617,17966451,18085891,18786000,18510870,18737569,
20260553,21794812,19940736,19843433,19241857,18772055,19406550,19845962,19389091,19601355,19977401,19106905,20271147,19458684,19878488,19686560,19318074,19114375,19191156,19222141,19217792,19405343,19248979,19593137,19907365,19737921,19688950,19673669,19622167,19140921,19869876,19261850,19610427,19609029,19766124,19063342,19605269,19069223,19144623,19730548,20876323,20135193,19047775,19841167,19257042,19855397,19182420,19952299,19190288,19124697,
21211461,21382413,20838216,20086964,20811117,20708895,20094925,20615900,20037745,20044482,20276368,20043915,19939924,19929473,20131566,20058130,19990094,20603289,20971013,20242855,20061771,20111141,20084401,19855944,20102882,20198101,20062701,20023036,19865083,20135778,20009572,20794178,20490911,20548721,20128054,20122201,20102954,20194819,20012350,20040204,20055573,20164231,20010933,20696741,19994652,20684474,20192350,20130096,20019426,20160315,
22330395,23336536,21027497,21262639,20946961,21228356,21155378,21504991,21198500,21069193,21008247,21286009,21142756,21834825,21263963,21183890,21202831,21797465,21221998,21230453,21787001,21177576,21551294,21178487,21234685,21238128,21177671,21096749,21160013,21220213,21872259,21137899,21230533,21383312,21688424,21112046,21790854,21120668,21127873,21750523,21609271,21293637,22125187,21800792,21040482,20939927,21839058,21278945,21578628,21830264,
23796166,23995678,22639773,22083088,22273721,22220004,22069630,22120370,22084711,22142162,22812482,22947921,22780132,22721831,22180466,22518586,23075488,22440008,23008619,22783247,22350402,22560300,23104315,22213915,22163104,23638685,22221970,22149404,22250808,22226464,22307853,22265164,22132039,22352870,22399419,22218114,22134860,22211235,22876229,22880251,22607079,22273640,22302537,22230662,22014770,22289229,23119265,22888589,22444484,22651447,
24661624,25094766,23379905,23292961,23260401,23217968,23452389,23261360,23332230,23385708,23208895,23215878,23328292,23400989,23279659,23115154,23335468,23449334,23393914,23936228,24534423,24864683,23161744,24352660,24802530,24563576,23296811,23199891,23291853,23443109,23271003,23232057,23179635,23274421,23262932,23164353,23309713,23308399,23251047,23311580,23465637,23274088,23287564,23371744,23345112,23325439,23181056,24388293,23639044,23527375,
26286966,25844565,25520483,25544513,24497966,24609131,24665262,24678825,25289138,24458031,24610318,25491726,24388213,24913500,25294364,25346627,24419429,25257855,24476139,25909187,25570945,25201685,24654901,24617169,25323207,24570311,25382038,25320258,24708206,25373950,24762784,24746413,24568236,24404039,24454115,24407127,24470597,24452669,24600728,24791839,24656116,24536805,25851932,24537771,25493467,25570141,25381602,25372555,25310634,24462080,
26955266,25816778,25551408,26428168,25547404,26465565,25627316,25475450,25638924,25647021,26471627,26294866,26212734,26711746,27284671,25705359,25542572,25691802,25593904,25612295,25510153,25716184,25680598,25720652,25411715,25609196,25738738,25707313,25620614,25877028,25510119,25662140,25705705,25360303,25718644,25465812,27295212,25431448,25545475,25668290,25794366,25486876,26317172,26158111,25847322,25515983,25538664,25623989,25699258,25644723,
29661205,28354929,27754181,26981995,27249339,27027999,27136423,28379993,27932582,27842703,27030713,27008729,27044279,26718073,27068016,27161086,26744712,27902866,27862697,27093266,26996651,27945122,27179498,27117308,27058232,27930858,27774136,27882662,29169236,27093058,28165150,28121915,27038805,27021618,26954005,26914784,26932321,27118700,26754749,27051059,27067083,27175164,27090878,27057494,27048816,26923017,27078196,26741678,28919902,26980779,
31545304,28370046,28074554,29122809,28769800,29306865,28101835,28996943,27974853,29267612,28436681,27930692,29216255,28266305,28989749,28222359,29123153,28012424,30084168,27984052,28328827,28236790,28055255,28030033,28174204,28100880,28009642,28040885,27964557,28044269,28135755,28157120,29011131,28683441,28987936,28957726,27881028,29196828,29633642,29027465,28204284,27890641,28135878,29153506,28130137,29145409,27791165,28131797,27944000,27675065,
31421794,29804784,29307888,29356246,29330882,31158087,29375178,30356843,29322543,29379135,29242187,29470704,29208481,29440312,29374794,30093189,29425768,29290694,29390360,29121476,29409520,29608029,28955861,29468110,29464812,30034546,30326004,29613565,29225758,29392104,29287494,29588162,29344090,29349862,29460939,32177600,29615617,30153520,29778211,30016261,29276885,30487598,29585508,29326400,29988720,32033314,30527336,29715150,30316829,29441684,
33358837,31227648,31523803,30850235,31411762,30469538,31016885,30810423,30915031,30606524,32030268,30648570,30687541,31559189,32541610,30782008,30572624,30497320,30827057,30573497,30870895,30748262,30801330,31174574,31036338,30759651,30596498,30711312,31100212,30695841,30712522,30977303,31462488,32703279,30865213,30441996,30909382,30674611,30756747,30752547,31577058,30751610,31355292,30945983,30717355,31928939,31006391,30796512,30660736,31553291,
34893184,33263101,34147189,32882002,32530216,33786591,33613964,32327707,33422897,32514869,32094705,34022213,33189588,32297384,32509995,33128132,33322536,34566920,32260910,32393097,44078407,32537638,32639722,33059203,32392440,32509420,32565520,32359981,33568042,33375650,32695709,33497614,33139746,33183285,33582472,33239796,32520281,32756825,33220812,32650229,32545102,32392565,32230394,32637130,33029302,33323043,33364378,33073145,32435750,32549421,
37092846,36053397,35307582,33876185,33904939,35005527,33335635,33888346,34662425,33777850,34061255,35128940,34972678,33968078,34835949,33688995,35291800,33666050,37547695,36193936,34838603,34351457,34864722,35141064,35195855,34758969,34703767,34006869,33532252,35002790,34606359,35265751,34640723,34010740,35317379,34974831,33536155,34640827,35311549,33895511,34034039,33731517,33632709,33604571,35074776,34847749,34920181,34736308,33849280,33729755,
38080145,36556957,36518841,36226118,35841504,36086861,35085352,34969759,35017366,35088047,36128034,34841140,35085975,35204195,34903410,35122105,35142411,37785702,34750571,35269753,34966734,35246308,34875473,34852682,34971504,34671503,34742196,35686503,34934792,35094269,35169176,34763695,35008834,36337423,34849076,35264512,35207093,35086838,35023291,34719494,34836090,35403791,36133071,34970760,34829093,35082557,35087050,34985204,34520330,36513262,
39347638,37020492,36201154,36657473,36622103,36563490,36147109,36777998,36648205,36311214,36233333,36479365,36669108,36631790,36361765,38633153,37472216,36719268,36641280,36222548,36630076,36765153,36632951,36511512,36673991,36691756,36544962,36308919,37137929,36353554,38161260,37427933,36702008,36597223,36483937,36494247,36707249,37457038,37705557,37124783,36589590,36421006,36669399,36483849,36833940,36674867,38449429,36167652,36514205,36584039,
40647367,39372619,38151531,37971970,37825362,38279100,38259103,38089331,38225116,37867418,38158737,40158607,38276925,38050108,38101604,37856042,38391860,38146381,38341651,38274270,38263030,37920272,38200711,39172027,42595386,37978542,42401973,39312070,37933578,38238654,37726712,39270908,38402152,37998843,38152592,38162077,37942771,39183772,38743287,39673442,40194929,39499371,38296419,38909771,37854990,37826132,38050337,39246932,37877276,39130301,
42888046,40528167,39408438,40519560,40693380,41119536,40878433,39959918,39401113,39752183,40705059,41011254,42149249,40675583,40611138,41515231,39783106,39493583,39781304,41565196,40899838,39340433,40555564,40251142,39525312,39556139,39874634,40655183,39534669,40736275,39737277,40840690,40115639,40548463,39382360,40834578,39425028,41153747,40853106,40431207,39579429,40609766,40336157,41121129,39677064,39788762,40103196,39487149,39878247,41012207,
44956206,41382625,41299311,42408701,41222817,42056164,41306669,42349419,40959776,42506987,42362132,41262029,41224266,42457595,41809776,41252455,41551492,42561927,41181891,41169792,42334189,41224259,42454645,42008549,42405119,41233441,41076619,42082431,41157921,40906863,40984630,41664233,42046624,41876161,41940441,44897236,41566101,42659623,41731339,42350218,42302695,43727243,41363615,42430285,41202958,42370336,42156040,42727616,41162728,41256444,
46479407,42925516,43182111,44330680,44854059,42638330,44127634,43534734,42638119,43258060,44317507,43209764,43242519,43052076,44328390,43029500,43027554,43288517,44937978,42920465,43199010,43195273,43015920,42982066,43004484,42797981,43148929,43031914,43300588,43087969,42874985,44689596,43108554,43350923,43057355,43168186,42933553,43129372,43351311,43014834,44183636,42749264,43275901,42849857,45249749,43923757,43345710,42862531,42780301,43178064,
46708895,44676706,44511924,44715951,45146946,44614159,44841566,45197535,44706467,44631802,44974992,44441437,44428287,45040906,44755021,44771234,44791138,44328584,44169134,43986314,45108207,44579585,44568037,44509954,44698920,44732407,44963190,43905376,44578262,44664772,44622810,44561067,44960571,44651367,45505509,44620110,45005737,45039337,44326380,45045119,44764811,44515120,44467637,44117537,44783034,45083317,45786708,44476025,44495763,44282055,
49108475,46491544,46693578,46773788,46698412,46612593,46359715,46741359,47158785,46934854,46531191,46739605,46453684,46538935,46876184,46636640,46517584,46674254,46969991,46449466,46539463,47992890,46620185,46772118,46578900,46645896,46606339,47570950,46368479,46418333,47586667,46915859,46782416,47758688,46147979,46375543,46358788,46704165,47059052,46955163,46087469,46332743,48059123,47301866,48391020,47546056,47262916,46440207,46736043,47033303,
51012225,48704217,48827321,48606797,49001488,49052719,48361176,50345147,49637285,48531042,49324136,48343291,47857788,48549905,49654538,49135008,49389480,49670879,49728756,50163881,48569339,48649496,48315620,48782336,48585086,48439126,48631598,49516827,49885033,48468349,50174613,49588406,48503694,49681281,49409681,49612033,49951995,48819577,48344763,48392319,49489791,49548237,49377521,49484533,48719576,49164344,49630442,50661462,49338525,49558146,
54395914,50475397,51750698,49889546,49925708,50501698,50166895,50257387,51387088,50145983,50427624,51563356,51594035,50322479,49934277,50329999,50430929,50708176,50532801,50124982,50484909,50032560,50233381,51771335,50237162,50755542,49986476,50683879,50235044,50237226,50351580,50241384,50512674,50569566,51362796,50218780,50238223,50406752,50121556,50419510,50291010,50776496,50441119,51089698,50353884,51286993,50530430,50516347,50265511,50560254,
54696014,51925642,52423738,52132885,53105348,52750264,53785448,54251773,52112045,52329374,52563185,53342002,52339139,52554825,52264170,52377879,52052562,52004938,53871101,52052596,52406970,52201210,52369015,52111385,51861246,52413541,51868405,52177054,51726237,54023665,51624633,53171664,52676560,52585959,53002288,52418898,52454316,52528775,52021141,52363895,54431893,52342764,52087398,52856948,53803706,52937955,51848813,52082656,52214707,51801980,
57656683,56353931,54643205,54663731,54820599,54429217,54835883,54684621,54661179,54979010,54874971,55327080,54924575,54740921,54568687,54518305,54943828,54696684,54658022,54971506,54997030,54882778,55559945,54829347,54867867,55078098,54457046,55330137,54753488,54360894,54764020,54721500,56534328,55274920,54761344,54351665,54943838,54897275,55015808,54788115,54836083,54612523,55030365,55843033,54720190,54588652,54839713,54609612,54937573,54855071,
58360493,56260056,56322181,56859794,56140629,55849791,56150105,56049117,55611155,56091041,55937839,56053946,56179176,55915493,57375671,55903429,58483080,57447220,56147870,56185114,56002198,56583621,55745605,56094889,56424637,55841143,55877370,56016601,56454995,55743041,56116246,55770946,55891442,56069804,56527933,56131848,55711148,56008516,55526696,55868427,56119705,56284974,55442959,55747179,55482542,57051371,56296696,55884630,55852579,55751079,
59561004,57857169,57983516,58178918,57977421,58241377,58587449,57715195,58280719,58078223,58706852,58506785,58237795,58058253,58128050,58440966,58433955,58781265,57969039,57729531,59453821,58503694,58419824,58542134,57728424,58008747,57897178,58196253,59166758,58134159,59344661,58607234,58022683,58558224,58036248,58289791,58235479,58792322,59210100,57767874,58575767,57647288,58627942,58967153,57738713,57948906,58391877,57983685,58205583,57818269,
62458340,61207454,60636362,63337280,62522739,61470797,61370012,61186934,60463915,61330434,60451801,61466514,61156403,60726866,61227946,60446965,62473332,61017311,60565032,62246318,60751989,60728532,60009861,60542260,60226642,60470293,60271149,60624637,61798625,61104562,60373155,60239932,60505112,60924780,60559289,60612990,60619138,60540502,61909605,60428176,60572459,60569076,59745677,60547936,59925737,60513034,60723125,61347420,60561437,60796277,
65392967,63809744,63292594,62581835,62865364,62608106,62696651,64841305,63081139,62804969,63089987,62738151,63100445,63386175,62700462,62475366,64946091,62897032,63035187,63053476,62956031,62984123,62838198,62976574,63141210,64240678,63096312,62809959,62627746,62706840,63209745,62910280,63564236,63024345,64060876,63052004,62912855,62876662,62517049,62836552,62906237,63214444,62922943,63428723,62786761,63093003,62465957,62742110,62521628,63121100,
66814570,64846493,64820930,65785766,64268508,64542354,64849058,64576522,65045109,65279631,64513625,63990875,66228807,64554254,64736949,64903756,64765200,64446100,64785360,64699985,64983590,65771245,64100585,64711106,64790497,64011599,64415333,64595435,64648015,65086119,65027646,64522703,64610656,65066583,64448408,64797674,64090824,64719124,64581041,64407231,64342972,64417507,64875645,64458723,64756814,64618631,64340870,64757030,64685079,64405192,
69650229,66737409,66659240,67072475,66730223,66888040,66651567,67048236,67379336,66988252,67113086,66309066,67149390,67023555,66817959,66815099,66530968,67980481,66360456,67195514,67059687,66308943,67192105,66476843,66956166,66969735,67655102,66668811,66595041,66911771,67057482,67187267,67032835,66781551,67069251,67688882,66727369,66874491,66738020,67453668,67143262,66756425,66697030,67656820,66538222,66602800,67706425,69573817,66943279,66885118,
73008598,70628860,71349258,70287781,70061051,70569627,70425707,70506818,70665595,70861466,71407426,70535485,70439009,70465858,70858955,70600631,70179206,70248747,71620689,70917874,70019696,70631852,70603881,70409942,70247236,70412200,70118404,71767128,70685940,70763273,70515655,70696857,71320036,70234932,70430968,72347361,70233324,70284135,71642173,70009020,70560041,69963671,70486342,71115443,70302761,70128901,70315701,70474199,70252972,71423695,
75524524,73103574,72675083,72037673,72071783,73012188,73146810,72354048,72172261,74323455,72296815,72646197,72570177,72495484,72195914,72471177,72979733,72743618,72589013,72002185,72245946,72126301,72363736,73172478,71818241,71611239,73673086,72608383,72977905,74179790,72015766,72165354,72369431,72447099,73788426,71963679,72313817,72187083,72756054,72831473,72721559,72300065,74648738,72255802,72623940,72525642,72463526,73084746,72320982,72210425,
76354854,73836762,74019850,74543503,73858747,74647888,74169629,74557163,74998749,73966559,74371100,74103994,74491751,74002780,74640408,74151288,75570295,74945041,74245616,74249633,74049440,74672084,74091167,74614803,75116600,74336596,74532316,74461959,73868253,74577517,74087517,74958598,73917898,74396236,74611901,74529015,74233831,74367872,74030433,74746822,74233962,74377320,74648959,74552830,74284777,74162307,74600618,75157638,73574391,74321870,
79437983,77111765,76922217,76632973,77640878,78718067,76767726,78465436,80201712,76573938,77351362,77183977,77979415,77136283,76882158,77094696,76857168,77227386,77273210,76862174,77694619,76832756,76850470,76871738,76790935,77087700,76566949,77377997,77434877,76716134,77084493,77114946,76994894,76711203,77395912,78228179,77698116,77132080,77208583,77477566,77151485,77197701,77936945,78573586,76862158,76753172,76992313,76896853,76547545,77492589,
84339271,80609143,79930770,80621181,80178369,80340937,79741915,81093662,80076436,79724672,79937732,81021007,79751865,79826036,79890050,81638282,80090638,79349811,80046049,79769545,79852213,80579666,81743942,80436807,81108916,79392650,80068159,80638416,80602797,81716630,79755392,81721439,84012846,81131632,80224300,81074391,80876505,80285465,79209909,81148855,80724543,79942758,81003533,79466300,80232270,80851129,79656015,80491990,79806474,79861403,
86826839,83260114,84881093,83194287,83034027,84162425,83430425,85013258,83101513,83503667,83418887,83086384,83281701,83099385,85063240,83344861,83268083,84871279,84737914,84832269,83048091,85091025,83793048,83108113,83816318,83041234,83830194,83385241,85377772,83091716,84999199,83302638,83521567,83457436,84828487,85422353,83499258,85060483,83767626,83598254,83638166,84096768,85535014,83329272,83158166,83148989,83406288,84330820,83411786,85747511,
88006268,85064336,85927951,86020971,85451858,86077804,85739574,85797615,86062632,86527079,85905889,85870979,87087483,85237394,85726672,86548845,84963559,86251318,85089920,86079010,86236929,85776122,85113355,84936898,86576768,85223281,86468153,85385084,85101274,85482706,86203480,85264366,85310436,87038643,86759481,86449934,85237752,85099485,85084982,84891369,87475880,85450323,86484786,85651854,85432897,85990524,86876124,85930543,85345054,86097160,
90448040,87459985,87904239,89223490,87564379,87480847,88117760,88150062,87991287,87757663,88997206,87647750,88173213,88317027,88227319,87857757,87879403,89598542,87828767,88417216,89116152,87934931,87482570,88489821,87644020,87710571,87715933,87242682,87928400,87932110,87729539,88757804,87889240,87936352,87712691,87884148,87674063,88949710,88074158,88400742,88308655,88031392,88680036,87763620,87457215,87824303,87762375,87742559,87271096,88935401,
94669820,92361144,91804067,92969128,91519332,92771335,92822205,91893806,91886522,91382439,92653063,93282149,93214614,92889110,92072928,91150460,91929782,92699549,92931235,93487496,92633934,91972806,93257167,93294819,92834817,92667945,91676159,91998389,92709749,91635507,92429279,93370029,91880665,91809114,94918255,94286435,92127475,91224073,93370650,93285623,91954151,91851162,92453513,91804694,93014151,92731970,92321709,92023219,91673173,91341441,
97485210,95561925,94563175,94132700,94418911,95402134,93934553,96263256,94411799,94720502,94794835,93878489,93594426,95735782,93750802,94614751,95210972,94281447,95414331,95920804,95756165,94196623,94143190,95076785,94329073,96449114,94715022,94649843,94862460,95185140,93999935,95011864,93626437,93855622,95215457,95325074,94151694,93820296,96380573,94934834,95324864,94754843,94162910,94007646,94924978,94764632,94820809,96062369,96978125,94658945,
100949784,97386328,97426907,96066037,96996158,97247458,97241751,96410401,96374204,96400085,96210497,95479501,97492116,96025536,96990072,96259860,96567941,96556187,95900236,96884039,95415649,96630853,96757409,96676789,96529609,96441272,96715611,97264956,97149208,96893026,97307606,96307942,97402909,96679511,96432322,96871133,96552051,95803696,96537547,96121755,96122579,96714579,96203266,96570468,96516538,96750590,96913242,96419342,96659953,96498491,
103420611,100665955,99360835,99500704,99810541,100262019,101248654,100507411,100805761,99535928,99669373,101501920,100003028,99381957,99600246,99885904,99778063,100488871,100250924,99987085,99406562,100154925,99560312,100865558,99770859,99313247,100006539,98817162,116912507,102359309,100144977,99319349,99227120,99451210,99770847,101199460,99403550,99674436,99475427,99742734,99611404,101542488,99837056,99134955,99746746,99587409,99361096,101477991,99224502,99543602,
104923118,102433736,102921548,102855174,103254595,103683370,101894791,103352983,103534751,103037029,103089641,102901771,103237729,102287686,105390910,102787246,103060424,102874243,102296013,102988785,103081378,102496209,102580770,102800289,103048916,103682434,102703795,102758408,102202273,103445322,102527630,103723486,101974833,102451012,102691580,102236332,102432416,104137674,102764116,102764316,102496424,102008028,104289947,103384388,102448748,102389622,102824790,102560837,103388267,102106942,
107895513,105690656,106933486,106279655,107357118,105193110,105722022,106080342,105992287,106551318,106359202,105852887,105701946,105485764,106861107,106352607,106287040,105922747,105608502,105256264,105949096,105791493,105843894,105401286,105730295,105314896,105718356,106084175,105522502,105667807,105302322,106007751,105783606,105190405,106524530,105843206,105225796,106007515,106710286,105893522,106309452,106236935,106282572,106306834,106248709,106006079,106302706,106110575,106601187,105055679,
110949752,109342860,109438705,109896453,110889170,110365106,108644876,109149514,110502031,109897858,110968755,108902422,109195674,110134664,108982280,109774400,111200576,110267745,109293615,110193520,109636738,110047744,110460342,109972213,109716355,109515642,110656349,110226752,109456331,110269390,110194841,109426761,110331985,109543727,110259789,109591435,110091467,110576625,109592553,109310657,108463038,109902114,109834326,111251917,108878244,109568831,109757991,109887960,110428344,109265921,
114412744,112528028,112553644,112365411,112235796,112642436,111502361,112232578,112276607,113123307,113406979,111955031,112642887,112007908,113430912,112159717,112818829,112610753,112620077,113677933,112587964,112605270,113416149,111882245,113448794,111697324,112236901,112062016,112465374,114130342,114525926,111957590,112652861,112418955,112475964,113525823,112489305,112945900,112336060,112081872,113501107,111823893,113196877,112141900,112093433,112887601,111499607,111986672,111860959,111918002,
120126817,118332091,117585226,118601843,118481143,119124052,118137609,118418145,116974539,118203009,119172138,118555054,118049395,117550960,117476927,118892623,117605901,116838845,118106236,117753451,119265664,117944684,118155116,117870618,117412933,119291347,117680455,118093004,117508986,117593473,120202425,119569226,116435097,117707408,117907210,119024927,117353153,117641343,117618437,117561518,118865338,117608788,117254355,117877554,117256188,118725564,117699805,117762507,117263319,117031481,
121950004,120389235,119964754,119767716,119705334,120844012,119692814,119528327,119383019,120432796,120131025,119616471,119875977,119743935,120306349,120111417,120228857,120069869,120005936,121738664,119788720,120066726,119334009,119929271,121125977,118759416,119655373,120351846,119684994,120432028,119785683,118993135,120901432,119575321,120335578,120618391,120264208,119965136,119127685,120551474,120034280,119927781,120339689,119642978,119386827,119030864,119632983,119489279,119577643,119364141,
123981662,121895340,122260910,121916345,122813216,122266711,122498834,122513602,121305605,123125733,121755255,121766759,122211383,121750002,122753867,121177561,121686857,121083499,122361392,122079341,121411417,122502742,122359394,122543614,123186609,121649659,121609380,121572559,121763289,122650860,122471566,121754771,121864187,122984904,121486231,121523731,121277876,123132449,123029981,121744904,121562820,121330641,122111528,122277816,123442800,121798915,122172783,121553099,123355574,121877617,
128720061,126219245,127118434,128066389,127521029,126387009,125322233,126443394,127477651,126700874,126476062,126980138,126617018,125728208,125657692,126991431,126097746,126845835,125625019,126777758,126593108,127223273,126365198,126236329,126236564,125257233,127094271,125665122,125717640,126205492,126256732,126871176,125999992,125780661,125966909,126740345,125303688,126097345,125594540,126310511,125977768,125692055,125009346,126079926,126460457,126578221,125258584,126174407,126375818,125509175,
132292558,129972520,129048744,129588812,130482473,129854372,130039685,129924587,130352453,130365622,130000876,129281503,129887980,131142877,129797419,129362501,129934440,129024812,130933457,129873492,129455694,130573619,130728777,129725336,129242194,129723261,129197474,130252015,130689220,129575674,130447530,129847314,128846136,129031670,130081054,130417636,131195567,129254327,128656312,129921725,130175979,130947149,128991518,130062173,129618434,132010912,129906864,130502196,130400564,130229452,
138438290,135679158,135947065,134859875,135701273,136749833,136271384,135899667,135916249,136010800,134577796,136086630,137392369,136210359,134682925,135305399,135576570,138776179,135251197,135514761,135782453,135258293,135089487,135297413,134475631,135196823,136701359,135201771,135475918,135200810,135742641,135791004,134949079,134953057,134790308,135259923,134255698,134904132,135073514,134391651,135705722,135299891,134496804,134828949,134303193,135175709,133840419,135282284,134978484,134874700,
141542449,138711051,138873650,139046205,139869395,138043552,139361864,138375928,139891658,139387681,139166122,138902183,140077132,138076892,137866103,138110033,138775721,140225430,139409710,138377562,138750832,139456001,138376901,138744776,138610651,139306412,139026396,139598368,138041912,139192595,138169334,138106309,138533550,138157009,139129418,138712392,139551824,139223249,138830942,138905459,138842340,138616097,140120990,138697639,138322542,139656528,139030934,139692822,138491663,138906930,
143443203,142957061,141670756,143360917,140619418,142457563,141143279,140858234,141199607,141506139,141353089,141340744,140703906,141127076,139743349,140875576,141280249,142474712,140617439,140554046,140732876,140993117,142812061,141201756,140626497,140097813,141521482,141078998,140602535,140668355,141137765,140424962,140425417,140767704,140106019,140471943,141712553,140505697,139818135,140714949,140605380,140846492,141228847,140489562,141338498,140731867,140202242,140871343,140907742,140946796,
148304773,146571290,146370807,146170240,147907626,146760895,146392002,147197098,147257933,146029663,145642936,145902955,146946359,146174342,146207117,145660826,148336935,145987435,145926671,145912234,147792089,146860561,146368752,146107845,147444422,146345685,146530267,146098376,146708537,147384937,146641437,146355567,147260746,146240533,145912082,146835052,147013722,145872161,146266877,146343341,146432936,146428867,145312847,146082890,147240527,145721868,145672458,146132153,147546953,146017078,
152451785,150166320,150206587,150744319,149524877,149320645,151166324,149404572,149996246,150005357,150553742,150003775,150871280,150572259,151015378,149754808,150095773,150294098,151032565,151136067,150685867,150390825,151396379,150124540,150543219,151005057,151082676,150002145,149562162,150167911,150472512,150645335,149691734,149640257,150387191,149872537,150348456,149564472,150081070,150001742,150082782,149671759,149672747,150631529,150292697,150615864,150630059,150334021,149757969,150123229,
155062716,152346859,152716843,152961107,153238062,154624012,154170263,152382502,152786813,153319922,152915006,152887094,151759549,153262911,151789258,152779862,152758162,152401235,152819675,153146111,152773801,152278896,151904204,154135151,152938551,152882347,152703513,153813679,153088615,151265255,153003075,153693254,152622440,152039547,153215575,152363929,152308950,152627886,153988582,152919473,152870307,152790173,153128638,152535634,152050503,153524814,153912701,151953249,151757319,151925548,
158994839,157114206,157240101,156001146,158467008,157778188,156208688,157193773,158382396,156697649,156518759,157055776,155884357,156882936,156683870,157873140,157187309,156391554,157216903,157427058,156610304,156344805,156448576,156487873,156037198,157316334,157693239,157106315,157693784,156283574,156981281,157289423,156909123,156763955,156974963,156622701,157570660,156762472,156392067,156797299,156711898,156211171,157220700,156359569,157391091,156118622,156454208,155597523,155783611,157272545,
163205159,159768403,160575200,161258940,160733500,160371391,161095500,161751812,160681157,160403180,160580794,160943146,159923807,160807190,161155924,160619332,160201189,160149187,160477655,160119991,160289015,160444399,161547388,160289109,161299189,161507698,160091303,160112299,161873308,160906719,160329848,159829739,160121601,160809576,160618314,160165844,161626609,160088685,160811837,160323289,159818405,159797045,160202798,160774604,160836277,160654446,160412117,160176950,161186549,159797695,
169091401,168366882,211830812,166826005,168319528,167145262,167414903,166907959,168317908,166772936,167121318,166502154,167270174,167179575,166558341,166867719,165948663,166899263,167101010,167942139,166510418,167108376,167280595,166587674,167141026,166177635,166832363,165948967,167192987,168656605,166563263,168463282,166789165,166768268,166540401,166817741,167530636,167061341,166946502,166461465,167369927,167893077,167219258,165780285,166611372,166833927,167626087,167007297,166312791,167776568,
174093901,172902422,171782848,172247969,172194611,172101581,172536825,172549033,171707218,172331319,172118426,172058443,172192059,172241514,172041054,172336062,172265508,172689331,172427481,171483083,173320479,172475575,172210284,172511735,173866488,172550648,171932296,172521183,172599445,173245106,172046389,173151146,172617800,173599454,173453802,171671638,172303451,172425277,172532518,172074768,171915272,172675297,171720341,172115045,174655427,172237813,171629195,172398793,173792314,171813255,
176191307,175053395,173737814,174245611,172754450,175056268,173407086,172873189,173822532,174075902,173293693,173745031,172752174,173950062,173107273,173197071,173800756,173535596,172373366,173589359,173000586,173425532,172767768,172771437,173308537,174394493,172618845,173030234,173675961,172864370,173237112,174247401,172688066,173196225,173337779,174098637,172943532,173236036,173337015,172982021,173900678,173191487,174178245,172813105,174118496,172580171,173518294,173280564,174490584,173093571,
180203031,177959048,178298185,179003126,178531915,177737257,180037984,178056988,177475349,178412729,178534411,180461765,178737099,178214771,178546505,178364257,179133729,178187344,178377565,177210160,179810476,176836408,178061100,179327038,178608201,180025091,179286192,179007127,178432240,179732734,177392945,179956003,178321498,178650717,177838352,177942501,179122693,177322108,177898622,179878891,176739528,178032506,178472931,178747338,178493476,176961196,179178333,177576985,178329183,178074383,
186721238,184103914,183829664,185253677,184736724,183281654,184051070,183739079,182539900,185251157,186036527,184150125,184813693,184093126,184675950,185863512,183801591,184398619,184550666,184756654,182975236,185256121,184200245,183454804,185442370,184661210,185306960,184352362,183437076,184014272,185137736,184665751,184735709,183310600,183657985,184034958,183830009,193123773,183231422,183508191,183622001,184219504,183691716,184192306,184215420,183572296,184668132,183991530,183908510,184979635,
190172784,187863227,187485148,186671423,187950182,186094357,186437784,186689046,185398141,187983033,186764347,186822058,187844698,186057702,186464030,187098363,186454365,185959289,186668481,186700268,186691016,185691058,186512756,186152910,186054348,186066722,186309765,186095317,186107460,186690156,186561518,186952542,185263466,187309126,184650008,187732954,184722140,186502212,186560873,186429673,187157331,186749201,186301135,186338919,186623039,186568248,184470191,187320887,186934806,186400242,
193295355,192042351,191658286,190271416,192821089,191910794,192219444,192244205,191466811,191857296,191713845,192168058,191228780,194740593,191577881,192718327,191337292,192588626,191807258,191485574,191508193,190809976,191162731,192285388,192212463,191879015,191201002,192140186,192928845,193982637,191153510,191126305,193140659,191326816,192233317,193439326,191934667,193611604,192762418,191946834,193005989,192448638,191621675,192207555,191321174,191989060,191623171,191121130,191343969,191493542,
